"query_num","gene_symbol","ensembl_id","uniprot_id","target_aa","target_position","editor","edit_type","gene_strand","protospacer_seq","percent_gc","protospacer_strand","pam_seq","chromosome","pam_coordinates","mutation_type","wildtype_sequence","mutant_sequence","edits","warnings","error","EcoRI","KpnI","BsmBI","BsaI","BbsI","PacI","MluI"
"1","BRCA1","ENST00000357654","P38398","R","213","BE3","c2t","-","TTTCATCCCTGGTTCCTTGA","45","+","GGG","chr17","43095890","missense","QITPQGT|RDE|ISLDS","QITPQGT|RNK|ISLDS","D214N, E215K","Multiple edits. Silent mutation for target aa. ","","FALSE","FALSE","FALSE","FALSE","FALSE","FALSE","FALSE"
"1","BRCA1","ENST00000357654","P38398","R","213","BE3","c2t","-","TTCATCCCTGGTTCCTTGAG","50","+","GGG","chr17","43095891","missense","QITPQGT|RD|EISLDS","QITPQGT|KN|EISLDS","R213K, D214N","Multiple edits. ","","FALSE","FALSE","FALSE","FALSE","FALSE","FALSE","FALSE"
"2","BRCA1","ENST00000357654","P38398","T","161","BE3","c2t","-","TTGGAACTGTGAGAACTCTG","45","-","AGG","chr17","43099826","missense","VQLSNL|GT|VRTLRTK","VQLSNL|GI|VRTLRTK","T161I","","","FALSE","FALSE","FALSE","FALSE","FALSE","FALSE","FALSE"
"3","BRCA1","ENST00000357654","P38398","A","433","BE3","c2t","-","ACTGGCCAGTGATCCTCATG","55","-","AGG","chr17","43094218","missense","SEKIDL|LAS|DPHEAL","SEKIDL|LVS|DPHEAL","A433V","","","FALSE","FALSE","FALSE","FALSE","FALSE","FALSE","FALSE"
"4","BRCA1","ENST00000357654","P38398","A","807","BE3","c2t","-","GCAGCATTTGAAAACCCCAA","45","-","GGG","chr17","43093095","missense","KCVSQCA|AF|ENPKGL","KCVSQCA|VF|ENPKGL","A807V","","","FALSE","FALSE","FALSE","FALSE","FALSE","FALSE","FALSE"
"4","BRCA1","ENST00000357654","P38398","A","807","BE3","c2t","-","TGCAGCATTTGAAAACCCCA","45","-","AGG","chr17","43093096","missense","KCVSQC|AAF|ENPKGL","KCVSQC|AVF|ENPKGL","A807V","","","FALSE","FALSE","FALSE","FALSE","FALSE","FALSE","FALSE"
"5","BRCA1","ENST00000357654","P38398-1","Y","179","BE3","c2t","-","GTCTACATTGAATTGGGTAA","35","-","GGG","chr17","43099770","silent","QPQKTSV|YI|ELGSDS","QPQKTSV|YI|ELGSDS","","Silent mutation for target aa. ","","FALSE","FALSE","FALSE","FALSE","FALSE","FALSE","FALSE"
"5","BRCA1","ENST00000357654","P38398-1","Y","179","BE3","c2t","-","TGTCTACATTGAATTGGGTA","35","-","AGG","chr17","43099771","silent","QPQKTS|VYI|ELGSDS","QPQKTS|VYI|ELGSDS","","Silent mutation for target aa. ","","FALSE","FALSE","FALSE","FALSE","FALSE","FALSE","FALSE"
"6","BRCA1","ENST00000357654","P38398-1","P","773","BE3","c2t","-","TTGGTACCTGGTACTGATTA","40","-","TGG","chr17","43093200","missense","SSSISL|VP|GTDYGTQ","SSSISL|VF|GTDYGTQ","P773F","","","FALSE","TRUE","FALSE","FALSE","FALSE","FALSE","FALSE"
"7","BRCA1","ENST00000357654","P38398-1","P","811","BE3","c2t","-","AACCCCAAGGGACTAATTCA","45","-","TGG","chr17","43093083","missense","QCAAFEN|PK|GLIHGC","QCAAFEN|FK|GLIHGC","P811F","","","FALSE","FALSE","FALSE","FALSE","FALSE","FALSE","FALSE"
"8","BRCA1","ENST00000357654","P38398-1","S","217","BE3","c2t","-","ATCCAAACTGATTTCATCCC","40","+","TGG","chr17","43095879","missense","QGTRDEI|SL|DSAKKA","QGTRDEI|NL|DSAKKA","S217N","","","FALSE","FALSE","FALSE","FALSE","FALSE","FALSE","FALSE"
"9","BRCA1","ENST00000357654","P38398-1","G","671","BE3","c2t","-","CTTTACCTTCCATGAGTTGT","40","+","AGG","chr17","43093534","missense","RNLQLM|EGK|EPATGA","RNLQLM|ENK|EPATGA","G671N","","","FALSE","FALSE","FALSE","FALSE","FALSE","FALSE","FALSE"
"10","BRCA1","ENST00000357654","P38398-1","G","778","BE3","c2t","-","TGAGTGCCATAATCAGTACC","45","+","AGG","chr17","43093212","missense","LVPGTDY|GT|QESISL","LVPGTDY|NT|QESISL","G778N","","","FALSE","FALSE","FALSE","FALSE","FALSE","FALSE","FALSE"
"11","BRCA1","ENST00000357654","P38398-1","S","470","BE3","c2t","-","GAGGCTTGCCTTCTTCCGAT","55","+","AGG","chr17","43094138","missense","KTYRKK|AS|LPNLSHV","KTYRKK|AN|LPNLSHV","S470N","","","FALSE","FALSE","FALSE","FALSE","FALSE","FALSE","FALSE"
"12","BRCA1","ENST00000357654","P38398-1","S","689","BE3","c2t","-","CTTTTACTTGTCTGTTCATT","30","+","TGG","chr17","43093479","missense","NKPNEQT|SK|RHDSDT","NKPNEQT|NK|RHDSDT","S689N","","","FALSE","FALSE","FALSE","FALSE","FALSE","FALSE","FALSE"
"13","BRCA1","ENST00000357654","P38398-1","R","365","BE3","c2t","-","TCTCTAGGATTCTCTGAGCA","45","+","TGG","chr17","43094454","missense","LPCSEN|PR|DTEDVPW","LPCSEN|PK|DTEDVPW","R365K","","","FALSE","FALSE","TRUE","FALSE","FALSE","FALSE","FALSE"
"14","BRCA1","ENST00000357654","P38398-1","D","201","BE3","c2t","-","TCTTGATCTCCCACACTATA","40","+","GGG","chr17","43095928","missense","ATYCSVG|DQ|ELLQIT","ATYCSVG|NQ|ELLQIT","D201N","","","FALSE","FALSE","FALSE","FALSE","FALSE","FALSE","FALSE"
"15","BRCA1","ENST00000357654","P38398-1","C","64","BE3","c2t","-","TTACATAAAGGACACTGTGA","35","+","AGG","chr17","43106494","missense","GPSQCP|LC|KNDITKR","GPSQCP|LY|KNDITKR","C64Y","","","FALSE","FALSE","FALSE","FALSE","FALSE","FALSE","FALSE"
"16","BRCA1","ENST00000357654","P38398","V","154","BE3","c2t","-","AGTGTCCAACTCTCTAACCT","45","-","TGG","chr17","43099845","nonsense","LQETSLS|VQ|LSNLGT","LQETSLS|V*|LSNLGT","Q155*","Nonsense mutation. Silent mutation for target aa. ","","FALSE","FALSE","FALSE","FALSE","FALSE","FALSE","FALSE"
"17","BRCA1","ENST00000357654","P38398","E","638","BE3","c2t","-","TGCAATTCAGTACAATTAGG","35","+","TGG","chr17","43093632","missense","LSPPNCT|EL|QIDSCS","LSPPNCT|KL|QIDSCS","E638K","","","FALSE","FALSE","FALSE","FALSE","FALSE","FALSE","FALSE"
"17","BRCA1","ENST00000357654","P38398","E","638","BE3","c2t","-","GCAATTCAGTACAATTAGGT","35","+","GGG","chr17","43093633","missense","LSPPNC|TEL|QIDSCS","LSPPNC|TKL|QIDSCS","E638K","","","FALSE","FALSE","FALSE","FALSE","FALSE","FALSE","FALSE"
"18","BRCA1","ENST00000357654","P38398","S","377","BE3","c2t","-","CTGCTATTTAGTGTTATCCA","35","+","AGG","chr17","43094418","missense","VPWITL|NS|SIQKVNE","VPWITL|NN|SIQKVNE","S377N","","","FALSE","FALSE","FALSE","FALSE","FALSE","FALSE","FALSE"
"19","BRCA1","ENST00000357654","P38398","T","208","BE3","c2t","-","AATCACCCCTCAAGGAACCA","50","-","GGG","chr17","43095878","missense","DQELLQ|ITP|QGTRDE","DQELLQ|IIS|QGTRDE","T208I, P209S","Multiple edits. ","","FALSE","FALSE","FALSE","FALSE","FALSE","FALSE","FALSE"
"19","BRCA1","ENST00000357654","P38398","T","208","BE3","c2t","-","AAATCACCCCTCAAGGAACC","50","-","AGG","chr17","43095879","missense","DQELLQ|IT|PQGTRDE","DQELLQ|II|PQGTRDE","T208I","","","FALSE","FALSE","FALSE","FALSE","FALSE","FALSE","FALSE"
"20","BRCA1","ENST00000357654","P38398","G","817","BE3","c2t","-","ACAACCATGAATTAGTCCCT","40","+","TGG","chr17","43093097","missense","NPKGLI|HG|CSKDNRN","NPKGLI|HN|CSKDNRN","G817N","","","FALSE","FALSE","FALSE","FALSE","FALSE","FALSE","FALSE"
"20","BRCA1","ENST00000357654","P38398","G","817","BE3","c2t","-","CAACCATGAATTAGTCCCTT","40","+","GGG","chr17","43093098","missense","NPKGLI|HG|CSKDNRN","NPKGLI|HN|CSKDNRN","G817N","","","FALSE","FALSE","FALSE","FALSE","FALSE","FALSE","FALSE"
"20","BRCA1","ENST00000357654","P38398","G","817","BE3","c2t","-","AACCATGAATTAGTCCCTTG","40","+","GGG","chr17","43093099","missense","NPKGL|IHG|CSKDNRN","NPKGL|IHS|CSKDNRN","G817S","","","FALSE","FALSE","FALSE","FALSE","FALSE","FALSE","FALSE"
"21","BRCA1","ENST00000357654","P38398","R","664","BE3","c2t","-","AGGTTTCTGCTGTGCCTGAC","55","+","TGG","chr17","43093554","missense","QMPVRHS|RN|LQLMEG","QMPVRHS|KN|LQLMEG","R664K","","","FALSE","FALSE","FALSE","FALSE","FALSE","FALSE","FALSE"
"22","BRCA1","ENST00000357654","P38398","H","553","BE3","c2t","-","GGTCATGAGAATAAAACAAA","30","-","AGG","chr17","43093857","missense","MNITNSG|HE|NKTKGD","MNITNSG|YE|NKTKGD","H553Y","","","FALSE","FALSE","FALSE","FALSE","FALSE","FALSE","FALSE"
"23","BRCA1","ENST00000357654","P38398","T","367","BE3","c2t","-","GAGATACTGAAGATGTTCCT","40","-","TGG","chr17","43094417","missense","CSENPR|DT|EDVPWIT","CSENPR|DI|EDVPWIT","T367I","","","FALSE","FALSE","FALSE","FALSE","FALSE","FALSE","FALSE"
"24","BRCA1","ENST00000357654","P38398","T","327","BE3","c2t","-","AGGAAACATGTAATGATAGG","35","-","CGG","chr17","43094537","missense","RWAGSK|ET|CNDRRTP","RWAGSK|EI|CNDRRTP","T327I","","","FALSE","FALSE","FALSE","FALSE","FALSE","FALSE","FALSE"
"25","BRCA1","ENST00000357654","P38398","A","605","BE3","c2t","-","CAAAAGCACCTAAAAAGAAT","30","-","AGG","chr17","43093703","missense","LNIHNS|KA|PKKNRLR","LNIHNS|KV|PKKNRLR","A605V","","","FALSE","FALSE","FALSE","FALSE","FALSE","FALSE","FALSE"
"26","BRCA1","ENST00000357654","P38398","V","477","BE3","c2t","-","TCAGTTACATGGCTTAAGTT","35","+","GGG","chr17","43094115","missense","SLPNLSH|VT|ENLIIG","SLPNLSH|IT|ENLIIG","V477I","","","FALSE","FALSE","FALSE","FALSE","FALSE","FALSE","FALSE"
"26","BRCA1","ENST00000357654","P38398","V","477","BE3","c2t","-","CAGTTACATGGCTTAAGTTG","40","+","GGG","chr17","43094116","missense","SLPNLS|HVT|ENLIIG","SLPNLS|HIT|ENLIIG","V477I","","","FALSE","FALSE","FALSE","FALSE","FALSE","FALSE","FALSE"
"26","BRCA1","ENST00000357654","P38398","V","477","BE3","c2t","-","TTACATGGCTTAAGTTGGGG","45","+","AGG","chr17","43094119","missense","SLPNL|SHV|TENLIIG","SLPNL|SHI|TENLIIG","V477I","","","FALSE","FALSE","FALSE","FALSE","FALSE","FALSE","FALSE"
"27","BRCA1","ENST00000357654","P38398","E","286","BE3","c2t","-","GTTCTCATGCTGTAATGAGC","45","+","TGG","chr17","43094690","missense","HASSLQ|HE|NSSLLLT","HASSLQ|HK|NSSLLLT","E286K","","","FALSE","FALSE","FALSE","FALSE","FALSE","FALSE","FALSE"
"28","BRCA1","ENST00000357654","P38398","T","69","BE3","c2t","-","TAACCAAAAGGTATATAATT","20","-","TGG","chr17","43106445","missense","PLCKNDI|TK|RSLQES","PLCKNDI|IK|RSLQES","T69I","","","FALSE","FALSE","FALSE","FALSE","FALSE","FALSE","FALSE"
"29","BRCA1","ENST00000357654","P38398-1","T","478","BE3","c2t","-","GTAACTGAAAATCTAATTAT","20","-","AGG","chr17","43094082","missense","LPNLSHV|TE|NLIIGA","LPNLSHV|IE|NLIIGA","T478I","","","FALSE","FALSE","FALSE","FALSE","FALSE","FALSE","FALSE"
"30","BRCA1","ENST00000357654","P38398-1","R","131","BE3","c2t","-","GGTTTCTGTAGCCCATACTT","45","+","TGG","chr17","43104186","missense","IIQSMG|YRN|RAKRLL","IIQSMG|YKN|RAKRLL","R131K","","","FALSE","FALSE","FALSE","FALSE","FALSE","FALSE","FALSE"
"31","BRCA1","ENST00000357654","P38398-1","S","123","BE3","c2t","-","GTTTCTATCATCCAAAGTAT","30","-","GGG","chr17","43104179","missense","EHLKDEV|SI|IQSMGY","EHLKDEV|FI|IQSMGY","S123F","","","FALSE","FALSE","FALSE","FALSE","FALSE","FALSE","FALSE"
"31","BRCA1","ENST00000357654","P38398-1","S","123","BE3","c2t","-","AGTTTCTATCATCCAAAGTA","30","-","TGG","chr17","43104180","missense","EHLKDE|VSI|IQSMGY","EHLKDE|VFI|IQSMGY","S123F","","","FALSE","FALSE","FALSE","FALSE","FALSE","FALSE","FALSE"
"32","BRCA1","ENST00000357654","P38398-1","C","712","BE3","c2t","-","GAACACTTAGTAAAAGAACC","35","+","AGG","chr17","43093413","missense","APGSFT|KC|SNTSELK","APGSFT|KY|SNTSELK","C712Y","","","FALSE","FALSE","FALSE","FALSE","FALSE","FALSE","FALSE"
"33","BRCA1","ENST00000357654","P38398-1","T","775","BE3","c2t","-","TGGTACTGATTATGGCACTC","45","-","AGG","chr17","43093192","missense","SISLVP|GTD|YGTQES","SISLVP|GID|YGTQES","T775I","","","FALSE","FALSE","FALSE","FALSE","FALSE","FALSE","FALSE"
"34","BRCA1","ENST00000357654","P38398-1","V","340","BE3","c2t","-","ATCTACCTTTTTTTCTGTGC","35","+","TGG","chr17","43094528","missense","TPSTEK|KV|DLNADPL","TPSTEK|KI|DLNADPL","V340I","","","FALSE","FALSE","FALSE","FALSE","FALSE","FALSE","FALSE"
"34","BRCA1","ENST00000357654","P38398-1","V","340","BE3","c2t","-","TCTACCTTTTTTTCTGTGCT","35","+","GGG","chr17","43094529","missense","TPSTEK|KV|DLNADPL","TPSTEK|KI|DLNADPL","V340I","","","FALSE","FALSE","FALSE","FALSE","FALSE","FALSE","FALSE"
"35","BRCA1","ENST00000357654","P38398-1","A","92","BE3","c2t","-","TGTGCTTTTCAGCTTGACAC","45","-","AGG","chr17","43104878","missense","ELLKIIC|AF|QLDTGL","ELLKIIC|VF|QLDTGL","A92V","","","FALSE","FALSE","FALSE","FALSE","FALSE","FALSE","FALSE"
"36","BRCA1","ENST00000357654","P38398-1","R","612","BE3","c2t","-","CTCCTCAGCCTATTCTTTTT","40","+","AGG","chr17","43093713","missense","APKKNR|LR|RKSSTRH","APKKNR|LK|RKSSTRH","R612K","","","FALSE","FALSE","FALSE","FALSE","FALSE","FALSE","FALSE"
"37","BRCA1","ENST00000357654","P38398-1","G","543","BE3","c2t","-","CTTGACCATTCTGCTCCGTT","50","+","TGG","chr17","43093918","missense","TNQTEQ|NGQ|VMNITN","TNQTEQ|NNQ|VMNITN","G543N","","","FALSE","FALSE","FALSE","FALSE","FALSE","FALSE","FALSE"
"38","BRCA1","ENST00000357654","P38398-1","S","316","BE3","c2t","-","AAGGAGCCAACATAACAGAT","40","-","GGG","chr17","43094569","nonsense","KQPGLA|RSQ|HNRWAG","KQPGLA|RS*|HNRWAG","Q317*","Nonsense mutation. Silent mutation for target aa. ","","FALSE","FALSE","FALSE","FALSE","FALSE","FALSE","FALSE"
"38","BRCA1","ENST00000357654","P38398-1","S","316","BE3","c2t","-","CAAGGAGCCAACATAACAGA","45","-","TGG","chr17","43094570","silent","KQPGLA|RS|QHNRWAG","KQPGLA|RS|QHNRWAG","","Silent mutation for target aa. ","","FALSE","FALSE","FALSE","FALSE","FALSE","FALSE","FALSE"
"38","BRCA1","ENST00000357654","P38398-1","S","316","BE3","c2t","-","TGTTGGCTCCTTGCTAAGCC","55","+","AGG","chr17","43094598","missense","KQPGLAR|SQ|HNRWAG","KQPGLAR|NQ|HNRWAG","S316N","","","FALSE","FALSE","FALSE","FALSE","FALSE","FALSE","FALSE"
"39","BRCA1","ENST00000357654","P38398-1","D","214","BE3","c2t","-","ATTTCATCCCTGGTTCCTTG","45","+","AGG","chr17","43095889","missense","ITPQGTR|DE|ISLDSA","ITPQGTR|NK|ISLDSA","D214N, E215K","Multiple edits. ","","FALSE","FALSE","FALSE","FALSE","FALSE","FALSE","FALSE"
"39","BRCA1","ENST00000357654","P38398-1","D","214","BE3","c2t","-","TTTCATCCCTGGTTCCTTGA","45","+","GGG","chr17","43095890","missense","ITPQGT|RDE|ISLDSA","ITPQGT|RNK|ISLDSA","D214N, E215K","Multiple edits. ","","FALSE","FALSE","FALSE","FALSE","FALSE","FALSE","FALSE"
"39","BRCA1","ENST00000357654","P38398-1","D","214","BE3","c2t","-","TTCATCCCTGGTTCCTTGAG","50","+","GGG","chr17","43095891","missense","ITPQGT|RD|EISLDSA","ITPQGT|KN|EISLDSA","R213K, D214N","Multiple edits. ","","FALSE","FALSE","FALSE","FALSE","FALSE","FALSE","FALSE"
"40","BRCA1","ENST00000357654","P38398-1","G","535","BE3","c2t","-","GTTCCCTGATTTATCATTTC","35","+","AGG","chr17","43093944","missense","TPEMIN|QG|TNQTEQN","TPEMIN|QK|TNQTEQN","G535K","","","FALSE","FALSE","FALSE","FALSE","FALSE","FALSE","FALSE"
"41","BRCA1","ENST00000357654","P38398-1","S","592","BE3","c2t","-","TTGCTTATACTGCTGCTTAT","35","+","AGG","chr17","43093773","missense","EPISSS|IS|NMELELN","EPISSS|IN|NMELELN","S592N","","","FALSE","FALSE","FALSE","FALSE","FALSE","FALSE","FALSE"
"42","BRCA1","ENST00000357654","P38398-1","A","254","BE3","c2t","-","CTCAGCTGCACGCTTCTCAG","60","+","TGG","chr17","43094786","missense","NTTEKR|AA|ERHPEKY","NTTEKR|AT|ERHPEKY","A254T","","","FALSE","FALSE","FALSE","FALSE","FALSE","FALSE","FALSE"
"43","BRCA1","ENST00000357654","P38398-1","R","78","BE3","c2t","-","TAAATCTCGTACTTTCTTGT","30","+","AGG","chr17","43104951","missense","RSLQES|TRF|SQLVEE","RSLQES|TKF|SQLVEE","R78K","","","FALSE","FALSE","FALSE","FALSE","FALSE","FALSE","FALSE"
"44","BRCA1","ENST00000357654","P38398-1","A","102","BE3","c2t","-","GTTTGCATCTGTAAAATACA","30","+","AGG","chr17","43104274","missense","LDTGLE|YA|NSYNFAK","LDTGLE|YT|NSYNFAK","A102T","","","FALSE","FALSE","FALSE","FALSE","FALSE","FALSE","FALSE"
"44","BRCA1","ENST00000357654","P38398-1","A","102","BE3","c2t","-","TTTGCATCTGTAAAATACAA","25","+","GGG","chr17","43104275","missense","LDTGLE|YA|NSYNFAK","LDTGLE|YT|NSYNFAK","A102T","Edit window spans intron-exon junction","","FALSE","FALSE","FALSE","FALSE","FALSE","FALSE","FALSE"
"45","BRCA1","ENST00000357654","P38398-1","P","529","BE3","c2t","-","ACTCCTGAAATGATAAATCA","30","-","GGG","chr17","43093929","missense","DLAVQKT|PE|MINQGT","DLAVQKT|FE|MINQGT","P529F","","","FALSE","FALSE","FALSE","FALSE","FALSE","FALSE","FALSE"
"45","BRCA1","ENST00000357654","P38398-1","P","529","BE3","c2t","-","GACTCCTGAAATGATAAATC","35","-","AGG","chr17","43093930","missense","DLAVQK|TPE|MINQGT","DLAVQK|TFE|MINQGT","P529F","","","FALSE","FALSE","FALSE","FALSE","FALSE","FALSE","FALSE"
"46","BRCA1","ENST00000357654","P38398-1","L","30","BE3","c2t","-","TTGATCAACTCCAGACTAGC","45","+","AGG","chr17","43115785","silent","ECPICLE|LI|KEPVST","ECPICLE|LI|KEPVST","","Silent mutation for target aa. ","","FALSE","FALSE","FALSE","FALSE","FALSE","FALSE","FALSE"
"46","BRCA1","ENST00000357654","P38398-1","L","30","BE3","c2t","-","TGATCAACTCCAGACTAGCA","45","+","GGG","chr17","43115786","silent","ECPICL|ELI|KEPVST","ECPICL|ELI|KEPVST","","Silent mutation for target aa. ","","FALSE","FALSE","FALSE","FALSE","FALSE","FALSE","FALSE"
"47","BRCA1","ENST00000357654","P38398-1","E","352","BE3","c2t","-","TCCATTCTTTTCTCTCACAC","40","+","AGG","chr17","43094491","missense","DPLCER|KEW|NKQKLP","DPLCER|KKW|NKQKLP","E352K","","","FALSE","FALSE","FALSE","FALSE","FALSE","FALSE","FALSE"
"47","BRCA1","ENST00000357654","P38398-1","E","352","BE3","c2t","-","CCATTCTTTTCTCTCACACA","40","+","GGG","chr17","43094492","missense","DPLCER|KE|WNKQKLP","DPLCER|KK|WNKQKLP","E352K","","","FALSE","FALSE","FALSE","FALSE","FALSE","FALSE","FALSE"
"47","BRCA1","ENST00000357654","P38398-1","E","352","BE3","c2t","-","CATTCTTTTCTCTCACACAG","40","+","GGG","chr17","43094493","missense","DPLCER|KE|WNKQKLP","DPLCER|KK|WNKQKLP","E352K","","","FALSE","FALSE","FALSE","FALSE","FALSE","FALSE","FALSE"
"48","STAT3","ENST00000678906","P40763-1","L","240","ABE8e-SpCas9","a2g","","No guides found","","","","","","","","","","","","","","","","","",""
"49","","typo_ensembl_id","","D","35","ABE8e-SpCas9","a2g","","","","","","","","","","","","","Amino acid not found or ID not in database. Does the organism match the IDs provided?","","","","","","",""
"50","PHLPP1","ENST00000262719","O60346-1","S","118","ABE8e-SpCas9","a2g","+","GAGGGAGTTGGCGCCGCCGC","80","-","CGG","chr18","62716020","missense","GAGGGA|NS|LLLRRGR","GAGGGA|NP|LLLRRGR","S118P","","","FALSE","FALSE","FALSE","FALSE","FALSE","FALSE","FALSE"
