gene_symbol,ensembl_id,uniprot_id,target_aa,target_position,editor,edit_type
BRCA1,ENST00000357654,,R,213,BE3,c2t
BRCA1,ENST00000357654,,T,161,BE3,c2t
BRCA1,ENST00000357654,,A,433,BE3,c2t
BRCA1,ENST00000357654,,A,807,BE3,c2t
BRCA1,,P38398-1,Y,179,BE3,c2t
BRCA1,,P38398-1,P,773,BE3,c2t
BRCA1,,P38398-1,P,811,BE3,c2t
BRCA1,,P38398-1,S,217,BE3,c2t
BRCA1,,P38398-1,G,671,BE3,c2t
BRCA1,,P38398-1,G,778,BE3,c2t
BRCA1,,P38398-1,S,470,BE3,c2t
BRCA1,,P38398-1,S,689,BE3,c2t
BRCA1,,P38398-1,R,365,BE3,c2t
BRCA1,,P38398-1,D,201,BE3,c2t
BRCA1,,P38398-1,C,64,BE3,c2t
,ENST00000357654,,V,154,BE3,c2t
,ENST00000357654,,E,638,BE3,c2t
,ENST00000357654,,S,377,BE3,c2t
,ENST00000357654,,T,208,BE3,c2t
,ENST00000357654,,G,817,BE3,c2t
,ENST00000357654,,R,664,BE3,c2t
,ENST00000357654,,H,553,BE3,c2t
,ENST00000357654,,T,367,BE3,c2t
,ENST00000357654,,T,327,BE3,c2t
,ENST00000357654,,A,605,BE3,c2t
,ENST00000357654,,V,477,BE3,c2t
,ENST00000357654,,E,286,BE3,c2t
,ENST00000357654,,T,69,BE3,c2t
,,P38398-1,T,478,BE3,c2t
,,P38398-1,R,131,BE3,c2t
,,P38398-1,S,123,BE3,c2t
,,P38398-1,C,712,BE3,c2t
,,P38398-1,T,775,BE3,c2t
,,P38398-1,V,340,BE3,c2t
,,P38398-1,A,92,BE3,c2t
,,P38398-1,R,612,BE3,c2t
,,P38398-1,G,543,BE3,c2t
,,P38398-1,S,316,BE3,c2t
,,P38398-1,D,214,BE3,c2t
,,P38398-1,G,535,BE3,c2t
,,P38398-1,S,592,BE3,c2t
,,P38398-1,A,254,BE3,c2t
BRCA1,,P38398-1,R,78,BE3,c2t
BRCA1,,P38398-1,A,102,BE3,c2t
BRCA1,,P38398-1,P,529,BE3,c2t
BRCA1,,P38398-1,L,30,BE3,c2t
BRCA1,,P38398-1,E,352,BE3,c2t
STAT3,,P40763-1,L,240,ABE8e-SpCas9,a2g
,typo_ensembl_id,,D,35,ABE8e-SpCas9,a2g
PHLPP1,ENST00000262719,O60346-1,S,118,ABE8e-SpCas9,a2g
